"Internal_ID","Latitude","Longitude"
"3D13",54.717,-115.417
"3D14",54.717,-115.417
"3D15",54.717,-115.417
"3D16",54.717,-115.417
"3D17",54.717,-115.417
"3D18",54.717,-115.417
"3D19",54.717,-115.417
"3D20",54.717,-115.417
"3D21",54.717,-115.417
"3D22",54.717,-115.417
"3D23",54.717,-115.417
"3D24",54.717,-115.417
"5D13",54.65,-118.833
"5D14",54.65,-118.833
"5D15",54.65,-118.833
"5D16",54.65,-118.833
"5D17",54.65,-118.833
"5D18",54.65,-118.833
"5D19",54.65,-118.833
"5D20",54.65,-118.833
"5D21",54.65,-118.833
"5D22",54.65,-118.833
"5D23",54.65,-118.833
"5D24",54.65,-118.833
"6D13",54.417,-119
"6D14",54.417,-119
"6D15",54.417,-119
"6D16",54.417,-119
"6D17",54.417,-119
"6D18",54.417,-119
"6D19",54.417,-119
"6D20",54.417,-119
"6D21",54.417,-119
"6D22",54.417,-119
"6D23",54.417,-119
"6D24",54.417,-119
"6D25",54.417,-119
"6D26",54.417,-119
"6D27",54.417,-119
"17D13",52.633,-116.083
"17D14",52.633,-116.083
"17D15",52.633,-116.083
"17D16",52.633,-116.083
"17D17",52.633,-116.083
"17D18",52.633,-116.083
"17D19",52.633,-116.083
"17D20",52.633,-116.083
"17D21",52.633,-116.083
"17D22",52.633,-116.083
"17D23",52.633,-116.083
"17D24",52.633,-116.083
"18D13",53.2,-117.532997
"18D14",53.2,-117.532997
"18D15",53.2,-117.532997
"18D16",53.2,-117.532997
"18D17",53.2,-117.532997
"18D18",53.2,-117.532997
"18D19",53.2,-117.532997
"18D20",53.2,-117.532997
"18D21",53.2,-117.532997
"18D22",53.2,-117.532997
"18D23",53.2,-117.532997
"18D24",53.2,-117.532997
"18D25",53.2,-117.532997
"18D26",53.2,-117.532997
"18D27",53.2,-117.532997
"19D13",53.733,-116.583
"19D14",53.733,-116.583
"19D15",53.733,-116.583
"19D16",53.733,-116.583
"19D17",53.733,-116.583
"19D18",53.733,-116.583
"19D19",53.733,-116.583
"19D20",53.733,-116.583
"19D21",53.733,-116.583
"19D22",53.733,-116.583
"19D23",53.733,-116.583
"25D13",53.883,-116.833
"25D14",53.883,-116.833
"25D15",53.883,-116.833
"25D16",53.883,-116.833
"25D17",53.883,-116.833
"25D18",53.883,-116.833
"25D19",53.883,-116.833
"25D20",53.883,-116.833
"25D21",53.883,-116.833
"25D22",53.883,-116.833
"25D23",53.883,-116.833
"25D24",53.883,-116.833
"26D13",58.633,-118.800003
"26D14",58.633,-118.800003
"26D15",58.633,-118.800003
"26D16",58.633,-118.800003
"27D13",56.55,-119.866997
"27D14",56.55,-119.866997
"27D15",56.55,-119.866997
"27D16",56.55,-119.866997
"35D13",56.333,-119.949997
"35D14",56.333,-119.949997
"35D15",56.333,-119.949997
"35D16",56.333,-119.949997
"35D17",56.333,-119.949997
"35D18",56.333,-119.949997
"35D19",56.333,-119.949997
"35D20",56.333,-119.949997
"35D21",56.333,-119.949997
"35D22",56.333,-119.949997
"35D23",56.333,-119.949997
"35D24",56.333,-119.949997
"36D13",54.767,-119.400002
"36D14",54.767,-119.400002
"36D15",54.767,-119.400002
"36D16",54.767,-119.400002
"36D18",54.767,-119.400002
"36D19",54.767,-119.400002
"36D20",54.767,-119.400002
"36D21",54.767,-119.400002
"36D22",54.767,-119.400002
"36D23",54.767,-119.400002
"36D24",54.767,-119.400002
"37D13",54.55,-119.199997
"37D14",54.55,-119.199997
"37D15",54.55,-119.199997
"37D16",54.55,-119.199997
"37D17",54.55,-119.199997
"37D18",54.55,-119.199997
"37D19",54.55,-119.199997
"37D20",54.55,-119.199997
"37D21",54.55,-119.199997
"37D22",54.55,-119.199997
"37D23",54.55,-119.199997
"37D24",54.55,-119.199997
"39D27",52.501,-115.512001
"39D28",52.501,-115.512001
"39D29",52.501,-115.512001
"39D30",52.501,-115.512001
"41D13",52.178,-115.431
"41D14",52.178,-115.431
"41D15",52.178,-115.431
"41D16",52.178,-115.431
"41D17",52.178,-115.431
"41D18",52.178,-115.431
"41D19",52.178,-115.431
"41D20",52.178,-115.431
"41D21",52.178,-115.431
"41D22",52.178,-115.431
"41D23",52.178,-115.431
"41D24",52.178,-115.431
"42D13",51.957,-115.217003
"42D14",51.957,-115.217003
"42D15",51.957,-115.217003
"42D16",51.957,-115.217003
"42D17",51.957,-115.217003
"42D18",51.957,-115.217003
"42D19",51.957,-115.217003
"42D20",51.957,-115.217003
"42D21",51.957,-115.217003
"42D22",51.957,-115.217003
"42D23",51.957,-115.217003
"42D24",51.957,-115.217003
"43D13",57.72,-119.543999
"43D15",57.72,-119.543999
"43D16",57.72,-119.543999
"43D17",57.72,-119.543999
"43D18",57.72,-119.543999
"43D19",57.72,-119.543999
"43D20",57.72,-119.543999
"43D21",57.72,-119.543999
"43D22",57.72,-119.543999
"43D23",57.72,-119.543999
"43D24",57.72,-119.543999
"44D13",53.944,-119.314003
"44D14",53.944,-119.314003
"44D15",53.944,-119.314003
"44D16",53.944,-119.314003
"44D17",53.944,-119.314003
"44D18",53.944,-119.314003
"44D19",53.944,-119.314003
"44D20",53.944,-119.314003
"44D21",53.944,-119.314003
"44D22",53.944,-119.314003
"44D24",53.944,-119.314003
"44D25",53.944,-119.314003
"44D26",53.944,-119.314003
"44D27",53.944,-119.314003
"48D13",58.565,-119.307999
"48D14",58.565,-119.307999
"48D15",58.565,-119.307999
"48D16",58.565,-119.307999
"48D17",58.565,-119.307999
"48D19",58.565,-119.307999
"48D20",58.565,-119.307999
"48D21",58.565,-119.307999
"48D22",58.565,-119.307999
"48D23",58.565,-119.307999
"48D24",58.565,-119.307999
"49D13",57.289,-118.408997
"49D14",57.289,-118.408997
"49D15",57.289,-118.408997
"49D16",57.289,-118.408997
"49D17",57.289,-118.408997
"49D18",57.289,-118.408997
"49D19",57.289,-118.408997
"49D20",57.289,-118.408997
"49D21",57.289,-118.408997
"49D22",57.289,-118.408997
"49D23",57.289,-118.408997
"49D24",57.289,-118.408997
"50D13",57.237,-118.25
"50D14",57.237,-118.25
"50D15",57.237,-118.25
"50D16",57.237,-118.25
"50D17",57.237,-118.25
"50D18",57.237,-118.25
"50D19",57.237,-118.25
"50D20",57.237,-118.25
"50D21",57.237,-118.25
"50D22",57.237,-118.25
"50D23",57.237,-118.25
"50D24",57.237,-118.25
"51D13",54.361,-116.183998
"51D14",54.361,-116.183998
"51D15",54.361,-116.183998
"51D16",54.361,-116.183998
"51D17",54.361,-116.183998
"51D18",54.361,-116.183998
"51D19",54.361,-116.183998
"51D20",54.361,-116.183998
"51D21",54.361,-116.183998
"51D22",54.361,-116.183998
"51D23",54.361,-116.183998
"51D24",54.361,-116.183998
"52D13",55.013,-115.176003
"52D14",55.013,-115.176003
"52D15",55.013,-115.176003
"52D16",55.013,-115.176003
"52D17",55.013,-115.176003
"52D18",55.013,-115.176003
"52D19",55.013,-115.176003
"52D20",55.013,-115.176003
"52D21",55.013,-115.176003
"52D22",55.013,-115.176003
"52D24",55.013,-115.176003
"53D13",54.839,-116.447998
"53D14",54.839,-116.447998
"53D15",54.839,-116.447998
"53D16",54.839,-116.447998
"53D18",54.839,-116.447998
"53D19",54.839,-116.447998
"53D20",54.839,-116.447998
"53D21",54.839,-116.447998
"53D22",54.839,-116.447998
"53D23",54.839,-116.447998
"53D24",54.839,-116.447998
"58D14",57.323,-118.960999
"58D15",57.323,-118.960999
"58D16",57.323,-118.960999
"58D17",57.323,-118.960999
"58D18",57.323,-118.960999
"58D19",57.323,-118.960999
"58D20",57.323,-118.960999
"58D21",57.323,-118.960999
"58D22",57.323,-118.960999
"58D23",57.323,-118.960999
"58D24",57.323,-118.960999
"59D13",54.74,-117.393997
"59D14",54.74,-117.393997
"59D15",54.74,-117.393997
"59D16",54.74,-117.393997
"59D17",54.74,-117.393997
"59D18",54.74,-117.393997
"59D19",54.74,-117.393997
"59D20",54.74,-117.393997
"59D21",54.74,-117.393997
"59D22",54.74,-117.393997
"59D23",54.74,-117.393997
"59D24",54.74,-117.393997
"60D13",54.402,-115.560997
"60D14",54.402,-115.560997
"60D15",54.402,-115.560997
"60D16",54.402,-115.560997
"60D17",54.402,-115.560997
"60D18",54.402,-115.560997
"60D19",54.402,-115.560997
"60D20",54.402,-115.560997
"60D21",54.402,-115.560997
"60D22",54.402,-115.560997
"60D23",54.402,-115.560997
"60D24",54.402,-115.560997
"64D27",51.577,-114.628998
"64D28",51.577,-114.628998
"64D29",51.577,-114.628998
"64D30",51.577,-114.628998
"68D27",53.331,-117.030998
"68D28",53.331,-117.030998
"68D29",53.331,-117.030998
"68D30",53.331,-117.030998
"68D31",53.331,-117.030998
"68D32",53.331,-117.030998
"68D33",53.331,-117.030998
"68D34",53.331,-117.030998
"68D35",53.331,-117.030998
"68D36",53.331,-117.030998
"68D37",53.331,-117.030998
"68D38",53.331,-117.030998
"69D13",52.952,-116.402
"69D14",52.952,-116.402
"69D16",52.952,-116.402
"69D17",52.952,-116.402
"69D18",52.952,-116.402
"69D19",52.952,-116.402
"69D20",52.952,-116.402
"69D21",52.952,-116.402
"69D22",52.952,-116.402
"69D23",52.952,-116.402
"69D24",52.952,-116.402
"70D27",53.272,-116.665001
"70D28",53.272,-116.665001
"70D29",53.272,-116.665001
"70D30",53.272,-116.665001
"70D31",53.272,-116.665001
"70D32",53.272,-116.665001
"70D33",53.272,-116.665001
"70D34",53.272,-116.665001
"70D35",53.272,-116.665001
"70D36",53.272,-116.665001
"70D37",53.272,-116.665001
"70D38",53.272,-116.665001
"72D27",53.127,-117.153
"72D28",53.127,-117.153
"72D29",53.127,-117.153
"72D30",53.127,-117.153
"72D31",53.127,-117.153
"72D32",53.127,-117.153
"72D33",53.127,-117.153
"72D34",53.127,-117.153
"72D35",53.127,-117.153
"72D36",53.127,-117.153
"72D37",53.127,-117.153
"72D38",53.127,-117.153
"72D39",53.127,-117.153
"72D40",53.127,-117.153
"72D41",53.127,-117.153
"75D13",53.054,-116.031998
"75D14",53.054,-116.031998
"75D15",53.054,-116.031998
"75D16",53.054,-116.031998
"75D17",53.054,-116.031998
"75D18",53.054,-116.031998
"75D19",53.054,-116.031998
"75D20",53.054,-116.031998
"75D21",53.054,-116.031998
"75D22",53.054,-116.031998
"75D24",53.054,-116.031998
"76D13",53.759,-116.893997
"76D14",53.759,-116.893997
"76D15",53.759,-116.893997
"76D16",53.759,-116.893997
"76D18",53.759,-116.893997
"76D19",53.759,-116.893997
"76D20",53.759,-116.893997
"76D21",53.759,-116.893997
"76D22",53.759,-116.893997
"76D24",53.759,-116.893997
"78D13",53.672,-117.459999
"78D14",53.672,-117.459999
"78D15",53.672,-117.459999
"78D16",53.672,-117.459999
"78D17",53.672,-117.459999
"78D19",53.672,-117.459999
"78D20",53.672,-117.459999
"78D21",53.672,-117.459999
"78D22",53.672,-117.459999
"78D23",53.672,-117.459999
"78D24",53.672,-117.459999
"90D13",53.766,-117.699997
"90D14",53.766,-117.699997
"90D15",53.766,-117.699997
"90D16",53.766,-117.699997
"90D17",53.766,-117.699997
"90D18",53.766,-117.699997
"90D19",53.766,-117.699997
"90D20",53.766,-117.699997
"90D21",53.766,-117.699997
"90D22",53.766,-117.699997
"90D23",53.766,-117.699997
"90D24",53.766,-117.699997
"98D13",51.467,-114.734001
"98D14",51.467,-114.734001
"98D15",51.467,-114.734001
"98D16",51.467,-114.734001
"98D17",51.467,-114.734001
"98D18",51.467,-114.734001
"98D19",51.467,-114.734001
"98D20",51.467,-114.734001
"98D21",51.467,-114.734001
"98D22",51.467,-114.734001
"98D23",51.467,-114.734001
"98D24",51.467,-114.734001
"105D27",55.583,-123.583
"105D28",55.583,-123.583
"105D29",55.583,-123.583
"105D30",55.583,-123.583
"107D27",50.35,-118.032997
"107D28",50.35,-118.032997
"107D29",50.35,-118.032997
"107D30",50.35,-118.032997
"107D31",50.35,-118.032997
"107D32",50.35,-118.032997
"107D33",50.35,-118.032997
"107D34",50.35,-118.032997
"107D35",50.35,-118.032997
"107D36",50.35,-118.032997
"107D37",50.35,-118.032997
"107D38",50.35,-118.032997
"108D27",49.25,-115.699997
"108D28",49.25,-115.699997
"108D29",49.25,-115.699997
"108D31",49.25,-115.699997
"108D34",49.25,-115.699997
"108D35",49.25,-115.699997
"108D36",49.25,-115.699997
"108D37",49.25,-115.699997
"108D38",49.25,-115.699997
"109D13",49.583,-115.833
"109D14",49.583,-115.833
"109D15",49.583,-115.833
"109D16",49.583,-115.833
"110D28",51.5,-117
"110D29",51.5,-117
"110D30",51.5,-117
"110D31",51.5,-117
"110D32",51.5,-117
"110D33",51.5,-117
"110D34",51.5,-117
"110D35",51.5,-117
"110D36",51.5,-117
"110D37",51.5,-117
"110D38",51.5,-117
"112D27",49.1,-115.932999
"112D28",49.1,-115.932999
"112D30",49.1,-115.932999
"112D31",49.1,-115.932999
"112D32",49.1,-115.932999
"112D33",49.1,-115.932999
"112D34",49.1,-115.932999
"112D35",49.1,-115.932999
"112D36",49.1,-115.932999
"112D37",49.1,-115.932999
"112D38",49.1,-115.932999
"113D27",50.467,-118.949997
"113D28",50.467,-118.949997
"113D29",50.467,-118.949997
"113D30",50.467,-118.949997
"116D13",56.917,-125.050003
"116D14",56.917,-125.050003
"116D15",56.917,-125.050003
"116D16",56.917,-125.050003
"116D17",56.917,-125.050003
"116D18",56.917,-125.050003
"116D19",56.917,-125.050003
"116D20",56.917,-125.050003
"116D21",56.917,-125.050003
"116D22",56.917,-125.050003
"116D23",56.917,-125.050003
"116D24",56.917,-125.050003
"120D13",49.817,-119.983002
"120D14",49.817,-119.983002
"120D15",49.817,-119.983002
"120D16",49.817,-119.983002
"123D27",50.2,-118.467003
"123D28",50.2,-118.467003
"123D29",50.2,-118.467003
"123D30",50.2,-118.467003
"124D27",50.567,-120.333
"124D28",50.567,-120.333
"124D29",50.567,-120.333
"124D30",50.567,-120.333
"124D31",50.567,-120.333
"124D32",50.567,-120.333
"124D33",50.567,-120.333
"124D34",50.567,-120.333
"124D35",50.567,-120.333
"124D36",50.567,-120.333
"124D37",50.567,-120.333
"124D38",50.567,-120.333
"125D17",53.017,-121.116997
"125D18",53.017,-121.116997
"125D19",53.017,-121.116997
"125D20",53.017,-121.116997
"125D21",53.017,-121.116997
"125D22",53.017,-121.116997
"125D23",53.017,-121.116997
"125D24",53.017,-121.116997
"125D25",53.017,-121.116997
"125D26",53.017,-121.116997
"125D27",53.017,-121.116997
"125D28",53.017,-121.116997
"127D13",50.839,-116.502998
"127D14",50.839,-116.502998
"127D15",50.839,-116.502998
"127D16",50.839,-116.502998
"132D27",54.65,-127.349998
"132D28",54.65,-127.349998
"132D29",54.65,-127.349998
"132D30",54.65,-127.349998
"134D27",54.767,-127
"134D28",54.767,-127
"134D29",54.767,-127
"134D30",54.767,-127
"136D20",51.072,-118.833
"136D21",51.072,-118.833
"136D22",51.072,-118.833
"136D23",51.072,-118.833
"136D24",51.072,-118.833
"136D25",51.072,-118.833
"136D26",51.072,-118.833
"136D27",51.072,-118.833
"136D28",51.072,-118.833
"136D29",51.072,-118.833
"136D30",51.072,-118.833
"136D31",51.072,-118.833
"146D27",49.217,-117.532997
"146D28",49.217,-117.532997
"146D29",49.217,-117.532997
"146D30",49.217,-117.532997
"147D27",49.267,-117.983002
"147D28",49.267,-117.983002
"147D29",49.267,-117.983002
"147D30",49.267,-117.983002
"147D31",49.267,-117.983002
"147D32",49.267,-117.983002
"147D33",49.267,-117.983002
"147D34",49.267,-117.983002
"147D35",49.267,-117.983002
"147D36",49.267,-117.983002
"147D37",49.267,-117.983002
"147D38",49.267,-117.983002
"148D13",50.483,-115.682999
"148D14",50.483,-115.682999
"148D15",50.483,-115.682999
"148D16",50.483,-115.682999
"148D17",50.483,-115.682999
"148D18",50.483,-115.682999
"148D19",50.483,-115.682999
"148D20",50.483,-115.682999
"148D21",50.483,-115.682999
"148D22",50.483,-115.682999
"148D23",50.483,-115.682999
"148D24",50.483,-115.682999
"149D20",49.5,-120.949997
"149D21",49.5,-120.949997
"149D22",49.5,-120.949997
"149D23",49.5,-120.949997
"149D25",49.5,-120.949997
"149D26",49.5,-120.949997
"149D27",49.5,-120.949997
"149D28",49.5,-120.949997
"149D29",49.5,-120.949997
"149D30",49.5,-120.949997
"149D31",49.5,-120.949997
"150D27",53.533,-123.050003
"150D28",53.533,-123.050003
"150D30",53.533,-123.050003
"150D31",53.533,-123.050003
"150D32",53.533,-123.050003
"150D33",53.533,-123.050003
"150D34",53.533,-123.050003
"150D36",53.533,-123.050003
"150D37",53.533,-123.050003
"150D38",53.533,-123.050003
"154D27",49.617,-115.282997
"154D28",49.617,-115.282997
"154D29",49.617,-115.282997
"154D30",49.617,-115.282997
"155D27",49.883,-119.699997
"155D28",49.883,-119.699997
"155D29",49.883,-119.699997
"155D30",49.883,-119.699997
"156D13",52.867,-119.282997
"156D14",52.867,-119.282997
"156D15",52.867,-119.282997
"156D16",52.867,-119.282997
"157D13",52.767,-119.167
"157D14",52.767,-119.167
"157D15",52.767,-119.167
"157D16",52.767,-119.167
"164D13",49.442,-119.099998
"164D14",49.442,-119.099998
"164D15",49.442,-119.099998
"164D16",49.442,-119.099998
"167D27",53.204,-122.666
"167D28",53.204,-122.666
"167D29",53.204,-122.666
"167D30",53.204,-122.666
"167D31",53.204,-122.666
"167D32",53.204,-122.666
"167D34",53.204,-122.666
"167D35",53.204,-122.666
"167D36",53.204,-122.666
"167D38",53.204,-122.666
"170D27",49.167,-117.800003
"170D28",49.167,-117.800003
"170D29",49.167,-117.800003
"170D30",49.167,-117.800003
"173D27",49.617,-116.016998
"173D28",49.617,-116.016998
"173D29",49.617,-116.016998
"173D30",49.617,-116.016998
"176D13",50.583,-120.532997
"176D14",50.583,-120.532997
"176D15",50.583,-120.532997
"176D16",50.583,-120.532997
"176D17",50.583,-120.532997
"176D18",50.583,-120.532997
"176D19",50.583,-120.532997
"176D20",50.583,-120.532997
"176D21",50.583,-120.532997
"176D22",50.583,-120.532997
"176D23",50.583,-120.532997
"176D24",50.583,-120.532997
"177D13",49.733,-121.016998
"177D14",49.733,-121.016998
"177D15",49.733,-121.016998
"177D16",49.733,-121.016998
"183D27",50,-115.807999
"183D28",50,-115.807999
"183D29",50,-115.807999
"183D30",50,-115.807999
"184D28",49.05,-116.032997
"184D29",49.05,-116.032997
"184D30",49.05,-116.032997
"188D13",49.05,-115.282997
"188D14",49.05,-115.282997
"188D15",49.05,-115.282997
"188D16",49.05,-115.282997
"188D17",49.05,-115.282997
"188D18",49.05,-115.282997
"188D19",49.05,-115.282997
"188D20",49.05,-115.282997
"188D21",49.05,-115.282997
"188D22",49.05,-115.282997
"188D23",49.05,-115.282997
"188D24",49.05,-115.282997
"193D13",50.7,-119.127998
"193D14",50.7,-119.127998
"193D15",50.7,-119.127998
"193D16",50.7,-119.127998
"193D17",50.7,-119.127998
"193D18",50.7,-119.127998
"193D19",50.7,-119.127998
"193D20",50.7,-119.127998
"193D21",50.7,-119.127998
"193D22",50.7,-119.127998
"193D23",50.7,-119.127998
"193D24",50.7,-119.127998
"199D27",53.613,-124.206001
"199D28",53.613,-124.206001
"199D29",53.613,-124.206001
"199D30",53.613,-124.206001
"199D31",53.613,-124.206001
"199D32",53.613,-124.206001
"199D33",53.613,-124.206001
"199D34",53.613,-124.206001
"199D35",53.613,-124.206001
"199D36",53.613,-124.206001
"199D38",53.613,-124.206001
"202D27",49.433,-115.525002
"202D28",49.433,-115.525002
"202D29",49.433,-115.525002
"202D30",49.433,-115.525002
"202D32",49.433,-115.525002
"202D33",49.433,-115.525002
"202D34",49.433,-115.525002
"202D36",49.433,-115.525002
"202D37",49.433,-115.525002
"202D38",49.433,-115.525002
"203D14",50,-121.083
"203D15",50,-121.083
"203D16",50,-121.083
"206D14",51.033,-120.317001
"206D15",51.033,-120.317001
"206D16",51.033,-120.317001
"206D17",51.033,-120.317001
"206D18",51.033,-120.317001
"206D19",51.033,-120.317001
"206D20",51.033,-120.317001
"206D21",51.033,-120.317001
"206D22",51.033,-120.317001
"206D23",51.033,-120.317001
"206D24",51.033,-120.317001
"207D27",51.15,-120.182999
"207D28",51.15,-120.182999
"207D29",51.15,-120.182999
"207D30",51.15,-120.182999
"209D13",52.167,-121.650002
"209D14",52.167,-121.650002
"209D15",52.167,-121.650002
"209D16",52.167,-121.650002
"213D27",49.567,-119.050003
"213D29",49.567,-119.050003
"213D30",49.567,-119.050003
"223D27",51.5,-117.167
"223D28",51.5,-117.167
"223D29",51.5,-117.167
"223D30",51.5,-117.167
"225D28",49.117,-117.583
"225D29",49.117,-117.583
"225D30",49.117,-117.583
"225D31",49.117,-117.583
"225D33",49.117,-117.583
"225D34",49.117,-117.583
"225D35",49.117,-117.583
"225D36",49.117,-117.583
"225D37",49.117,-117.583
"225D38",49.117,-117.583
"227D27",49.617,-120.432999
"227D28",49.617,-120.432999
"227D29",49.617,-120.432999
"229D20",52.883,-125.667
"229D21",52.883,-125.667
"229D22",52.883,-125.667
"229D23",52.883,-125.667
"229D24",52.883,-125.667
"229D25",52.883,-125.667
"229D26",52.883,-125.667
"229D27",52.883,-125.667
"229D28",52.883,-125.667
"229D29",52.883,-125.667
"229D30",52.883,-125.667
"229D31",52.883,-125.667
"231D27",52.767,-122.133003
"231D28",52.767,-122.133003
"231D31",52.767,-122.133003
"231D32",52.767,-122.133003
"231D33",52.767,-122.133003
"231D34",52.767,-122.133003
"231D35",52.767,-122.133003
"231D36",52.767,-122.133003
"231D37",52.767,-122.133003
"231D38",52.767,-122.133003
"232D27",49.8,-120.699997
"232D28",49.8,-120.699997
"232D29",49.8,-120.699997
"232D30",49.8,-120.699997
"233D13",55.067,-126.282997
"233D14",55.067,-126.282997
"233D15",55.067,-126.282997
"233D16",55.067,-126.282997
"234D27",53.317,-122.5
"234D28",53.317,-122.5
"234D29",53.317,-122.5
"234D30",53.317,-122.5
"234D31",53.317,-122.5
"234D32",53.317,-122.5
"234D33",53.317,-122.5
"234D34",53.317,-122.5
"234D35",53.317,-122.5
"234D36",53.317,-122.5
"234D37",53.317,-122.5
"234D38",53.317,-122.5
"235D27",51.559,-117.209999
"235D28",51.559,-117.209999
"235D29",51.559,-117.209999
"235D30",51.559,-117.209999
"238D27",49.584,-120.380997
"238D28",49.584,-120.380997
"238D29",49.584,-120.380997
"238D30",49.584,-120.380997
"238D31",49.584,-120.380997
"238D32",49.584,-120.380997
"238D33",49.584,-120.380997
"238D34",49.584,-120.380997
"238D36",49.584,-120.380997
"238D37",49.584,-120.380997
"238D38",49.584,-120.380997
"239D27",50.85,-120.400002
"239D28",50.85,-120.400002
"239D29",50.85,-120.400002
"239D30",50.85,-120.400002
"241D13",53.1,-122.766998
"241D14",53.1,-122.766998
"241D15",53.1,-122.766998
"241D16",53.1,-122.766998
"242D27",52.85,-122.616997
"242D28",52.85,-122.616997
"242D29",52.85,-122.616997
"242D30",52.85,-122.616997
"243D27",53.958,-124.608002
"243D28",53.958,-124.608002
"243D30",53.958,-124.608002
"245D27",56.083,-124.317001
"245D28",56.083,-124.317001
"245D29",56.083,-124.317001
"245D30",56.083,-124.317001
"245D31",56.083,-124.317001
"245D32",56.083,-124.317001
"245D33",56.083,-124.317001
"245D34",56.083,-124.317001
"245D35",56.083,-124.317001
"245D36",56.083,-124.317001
"245D37",56.083,-124.317001
"247D13",53.836,-126.552002
"247D14",53.836,-126.552002
"247D15",53.836,-126.552002
"247D16",53.836,-126.552002
"247D17",53.836,-126.552002
"247D18",53.836,-126.552002
"247D19",53.836,-126.552002
"247D20",53.836,-126.552002
"247D21",53.836,-126.552002
"247D22",53.836,-126.552002
"247D23",53.836,-126.552002
"247D24",53.836,-126.552002
"250D13",54.077,-127.249001
"250D14",54.077,-127.249001
"250D15",54.077,-127.249001
"250D16",54.077,-127.249001
"250D17",54.077,-127.249001
"250D18",54.077,-127.249001
"250D19",54.077,-127.249001
"250D20",54.077,-127.249001
"250D21",54.077,-127.249001
"250D22",54.077,-127.249001
"250D23",54.077,-127.249001
"250D24",54.077,-127.249001
"253D27",53.207,-123.359001
"253D28",53.207,-123.359001
"253D30",53.207,-123.359001
"253D31",53.207,-123.359001
"253D32",53.207,-123.359001
"253D33",53.207,-123.359001
"253D34",53.207,-123.359001
"253D35",53.207,-123.359001
"253D36",53.207,-123.359001
"253D37",53.207,-123.359001
"253D38",53.207,-123.359001
"254D27",55.02,-124.236
"254D28",55.02,-124.236
"254D29",55.02,-124.236
"254D30",55.02,-124.236
"254D31",55.02,-124.236
"254D32",55.02,-124.236
"254D33",55.02,-124.236
"254D34",55.02,-124.236
"254D36",55.02,-124.236
"254D37",55.02,-124.236
"254D38",55.02,-124.236
"256D13",53.353,-125.647003
"256D14",53.353,-125.647003
"256D15",53.353,-125.647003
"256D16",53.353,-125.647003
"258D27",49.296,-114.907997
"258D28",49.296,-114.907997
"258D29",49.296,-114.907997
"258D30",49.296,-114.907997
"258D32",49.296,-114.907997
"258D33",49.296,-114.907997
"258D34",49.296,-114.907997
"258D35",49.296,-114.907997
"258D36",49.296,-114.907997
"258D37",49.296,-114.907997
"258D38",49.296,-114.907997
"264D13",53.597,-124.856003
"264D14",53.597,-124.856003
"264D15",53.597,-124.856003
"264D16",53.597,-124.856003
"264D17",53.597,-124.856003
"264D18",53.597,-124.856003
"264D19",53.597,-124.856003
"264D20",53.597,-124.856003
"264D21",53.597,-124.856003
"264D22",53.597,-124.856003
"264D23",53.597,-124.856003
"264D24",53.597,-124.856003
"266D27",49.501,-120.658997
"266D29",49.501,-120.658997
"266D30",49.501,-120.658997
"266D31",49.501,-120.658997
"266D32",49.501,-120.658997
"266D33",49.501,-120.658997
"266D34",49.501,-120.658997
"266D36",49.501,-120.658997
"266D38",49.501,-120.658997
"268D13",54.765,-126.879997
"268D14",54.765,-126.879997
"268D15",54.765,-126.879997
"268D16",54.765,-126.879997
"268D17",54.765,-126.879997
"268D18",54.765,-126.879997
"268D20",54.765,-126.879997
"268D21",54.765,-126.879997
"268D22",54.765,-126.879997
"268D23",54.765,-126.879997
"268D24",54.765,-126.879997
"269D13",54.794,-123.817001
"269D14",54.794,-123.817001
"269D15",54.794,-123.817001
"269D16",54.794,-123.817001
"269D17",54.794,-123.817001
"269D18",54.794,-123.817001
"269D19",54.794,-123.817001
"269D20",54.794,-123.817001
"269D21",54.794,-123.817001
"269D22",54.794,-123.817001
"269D23",54.794,-123.817001
"269D24",54.794,-123.817001
"276D13",56.052,-124.598999
"276D14",56.052,-124.598999
"276D15",56.052,-124.598999
"276D16",56.052,-124.598999
"276D17",56.052,-124.598999
"276D18",56.052,-124.598999
"276D19",56.052,-124.598999
"276D20",56.052,-124.598999
"276D21",56.052,-124.598999
"276D22",56.052,-124.598999
"276D23",56.052,-124.598999
"276D24",56.052,-124.598999
"277D13",54.592,-123.170998
"277D14",54.592,-123.170998
"277D15",54.592,-123.170998
"277D16",54.592,-123.170998
"277D17",54.592,-123.170998
"277D20",54.592,-123.170998
"277D21",54.592,-123.170998
"277D22",54.592,-123.170998
"277D23",54.592,-123.170998
"277D24",54.592,-123.170998
