taxon,metric,new,draft5,newRank,draft5Rank
COGL,ANN,0.0035838937622593684,3.198e-6,1,2
QUAC,ANN,0.02221127293149067,5.178e-7,2,1
HIWA,ANN,0.0657362311078871,9.932e-6,3,4
YUBR,ANN,0.1099430230084991,5.157e-6,4,3
QULO,ANN,0.9696502040000046,1.593e-4,5,5
VILA,ANN,10.251642114432737,0.001028,6,7
PICO,ANN,29.2923842327189,0.002085,7,8
ARTH,ANN,45.761617272435785,0.01122,8,10
MIGU,ANN,57.668818506942245,0.002411,9,9
AMTH,ANN,69.26009522472019,9.991e-4,10,6
AMTH,AOO,20,NA,2,NA
COGL,AOO,20,NA,2,NA
QUAC,AOO,20,NA,2,NA
HIWA,AOO,24,NA,4,NA
YUBR,AOO,104,NA,5,NA
VILA,AOO,136,NA,6,NA
MIGU,AOO,400,NA,7,NA
PICO,AOO,420,NA,8,NA
QULO,AOO,732,NA,9,NA
ARTH,AOO,2724,NA,10,NA
ARTH,AOO_pct,0.004895741201199219,0.004025,1,1
MIGU,AOO_pct,0.00611289539735654,0.006113,2,2
PICO,AOO_pct,0.0693508758024887,0.09157,3,4
AMTH,AOO_pct,0.1380071763731714,0.09017,4,3
VILA,AOO_pct,0.15174506828528073,0.1799,5,5
QUAC,AOO_pct,0.5170630816959669,0.517,6,6
QULO,AOO_pct,0.5326890609536008,0.5327,7,7
YUBR,AOO_pct,38.80597014925373,38.81,8,8
COGL,AOO_pct,83.33333333333334,83.33,9,9
HIWA,AOO_pct,85.71428571428571,85.57,10,10
MIGU,ELG,1.2240926362406401,NA,1,NA
YUBR,ELG,1.6148793289746828,NA,2,NA
ARTH,ELG,2.157792718320545,NA,3,NA
COGL,ELG,2.1680140189434005,NA,4,NA
AMTH,ELG,2.2020173123947435,NA,5,NA
QUAC,ELG,2.4640015378447706,NA,6,NA
PICO,ELG,2.510569914553617,NA,7,NA
QULO,ELG,2.831316127504635,NA,8,NA
HIWA,ELG,5.710488345152955,NA,9,NA
VILA,ELG,31.06794734520402,NA,10,NA
HIWA,EOO,7.996269268451691,8,1,1
COGL,EOO,10.048400619316578,10.05,2,2
YUBR,EOO,186.90211640214943,186.9,3,3
QUAC,EOO,3506.0656592364494,3506.07,4,4
AMTH,EOO,13801.451823742555,60767.7,5,5
VILA,EOO,85446.17984947005,88917.24,6,6
QULO,EOO,135430.39840236463,135430.4,7,7
PICO,EOO,601019.6599570529,1308901.79,8,8
MIGU,EOO,6529925.5234254515,6529925.52,9,9
ARTH,EOO,55595830.71471855,73591778.47,10,10
HIWA,STD,1.457245590446869,1.93,1,2
COGL,STD,1.4607940971755289,1.51,2,1
YUBR,STD,6.083726979744374,6.23,3,3
QUAC,STD,54.09289439484399,54.09,4,4
AMTH,STD,94.07299849684655,128.85,5,5
QULO,STD,210.62972267124667,207.83,6,6
PICO,STD,413.5504860561719,402.62,7,7
VILA,STD,629.6332339648469,643.05,8,8
MIGU,STD,1200.451055676021,1257.47,9,9
ARTH,STD,1754.1634080521499,3081.23,10,10
PICO,VOR,0.8813009013951436,1.143,1,6
AMTH,VOR,1.1098230321922014,1.568,2,7
MIGU,VOR,1.3642388059667232,26.8,3,10
QULO,VOR,1.586231664457931,0.1121,4,5
COGL,VOR,2.5282679069530327,4.26e-6,5,1
YUBR,VOR,2.5390701655198438,1.45e-4,6,3
VILA,VOR,2.6852216335808357,2.538,7,8
HIWA,VOR,3.006840291671121,3.302e-5,8,2
QUAC,VOR,3.4126321479402466,0.009254,9,4
ARTH,VOR,6.194838761827685,24.47,10,9
