taxon,EOO,AOO,AOO_pct,ANN,VOR,STD,ELG
AMTH,13801.451823742555,20,0.1380071763731714,69.26009522472019,1.1098230321922014,94.07299849684655,2.2020173123947435
ARTH,55595830.71471855,2724,0.004895741201199219,45.761617272435785,6.194838761827685,1754.1634080521499,2.157792718320545
COGL,10.048400619316578,20,83.33333333333334,0.0035838937622593684,2.5282679069530327,1.4607940971755289,2.1680140189434005
HIWA,7.996269268451691,24,85.71428571428571,0.0657362311078871,3.006840291671121,1.457245590446869,5.710488345152955
MIGU,6529925.5234254515,400,0.00611289539735654,57.668818506942245,1.3642388059667232,1200.451055676021,1.2240926362406401
PICO,601019.6599570529,420,0.0693508758024887,29.2923842327189,0.8813009013951436,413.5504860561719,2.510569914553617
QUAC,3506.0656592364494,20,0.5170630816959669,0.02221127293149067,3.4126321479402466,54.09289439484399,2.4640015378447706
QULO,135430.39840236463,732,0.5326890609536008,0.9696502040000046,1.586231664457931,210.62972267124667,2.831316127504635
VILA,85446.17984947005,136,0.15174506828528073,10.251642114432737,2.6852216335808357,629.6332339648469,31.06794734520402
YUBR,186.90211640214943,104,38.80597014925373,0.1099430230084991,2.5390701655198438,6.083726979744374,1.6148793289746828
