id,area,area_removed
KLM23,97.42883844033064,1955428399.8072248
NFE1,94.85767742239338,1955428399.097015
IHR8,92.28651725124125,1955428398.4409733
MIY2,89.73716243627938,1938844268.6198578
NOF1,87.19238961117023,1935358961.912427
CLC3,84.66774915517688,1920049162.3858414
SCS2,82.14407024999893,1919316527.3111835
LMC22,79.66646999143143,1884273241.512117
ICS24,77.20960690248184,1868502054.4851656
KAP1,74.80553200421477,1828355477.1442149
TAR3,72.40515284574738,1825544780.7469292
LCC1,70.03386891148351,1803417178.0212882
FRC2,67.71793597230923,1761321172.3501675
RGR15,65.42287924644948,1745445001.3785248
BSR131,63.1321155989263,1742179607.1028428
SWC24,60.85981371206917,1728139353.207366
EAF3,58.693929621724116,1647205768.840055
ASK4,56.54871899619439,1631483111.131829
PCL20,54.43359508032696,1608600719.6226535
LOR29,52.3266404740578,1602388509.6943734
MIF1,50.22321023090044,1599708148.9006805
16_ICY_904_N1,48.25414418006625,1497500310.1586905
MED1,46.313126620506466,1476189485.0493064
M2L4,44.44448800566636,1421143595.670727
16_OSO_4_N1,42.7620667560556,1279520912.2743785
16_FPA_22_N1,41.11544881388459,1252291655.1349623
16_KCG_61_N1,39.47378042942816,1248581449.407394
HOC26,37.91563724737067,1185004597.670268
CAN68,36.38080222054487,1167277950.9413073
CVG10,34.850808281413926,1163594517.4373384
SWB19,33.373349942483024,1123641597.312167
WPV2,31.91493710554224,1109157248.6750474
MUG3,30.458606342306894,1107573215.3221033
WMO2,29.11934165391626,1018542279.80099
WKY1,27.79470740346941,1007415488.413717
FHS2,26.516073853324546,972430873.521868
13_VFC_1_N1,25.238055121781084,971963290.795786
THR21,23.971379929129455,963336261.614321
STB18,22.708843068776126,960189033.354627
SHC1,21.45837410888089,951011041.311386
CAC1,20.228470245027317,935370802.349102
TRR1,19.00253050189479,932355994.330333
16_AKC_41_N1,17.78589785041464,925277733.826831
16_CTA_28_N1,16.597895233047343,903503918.182604
SKZ38,15.507176577511398,829517178.953943
ORO20,14.463637245935548,793636194.5991
KIC2,13.519377117603689,718132025.761609
03_V153408_N2,12.577946186496055,715980354.97657
OSW25,11.711691679706608,658806916.733306
TSG25,10.889668129109376,625168235.849277
BEL3,10.080557699390885,615347502.6718
16_AMS_32_N1,9.300334909234309,593377773.775889
RFA12,8.526125946325939,588804116.959548
AWP26,7.7664058583475155,577784986.866333
HAM102,7.035046959406629,556215635.937607
16_SZA_86_N1,6.306450560211966,554110532.427856
FEV11,5.666480203765306,486713968.424325
16_ANT_106_N1,5.0790731586936335,446736451.128376
MCB4,4.546336770767981,405158547.336398
16_SDP_32_N1,4.0157369742576385,403533619.398448
HEC20,3.5181427675945667,378432091.01481
TBR2,3.032609463578297,369259492.550159
SGR2,2.549134942731678,367693739.076253
CDR2,2.0807369998838023,356227094.249621
16_VAL_13_N1,1.6278576595034997,344460932.131601
16_DCR_9_N1,1.2453283692956456,290922518.170893
OZF10,0.9609337641282637,216288783.643353
NKL2,0.6891312049521521,206712235.267151
WTB16,0.5017389700577719,142516200.601083
16_VCC_2_N1,0.3305029037211664,130229824.479392
GEI12,0.23236962955095358,74632135.703772
16_ZEN_2_N1,0.14290001787628898,68043398.819569
OPB29,0.10439532122729814,29283727.103494
16_DHS_24_N1,0.07503283112384002,22335057.676825
BCB21,0.04688669789734938,21405796.027361
16_ALP_109_N1,0.028916814202467604,13665678.947997
FGP3,0.014700672459073383,10811710.346302
IM10,0.0022336258910983877,9481482.212596
16_MFM_200_N1,0,1698724.790667
KIC1,NA,NA
KIC3,NA,NA
16_CTA_27_N1,NA,NA
13_VFC_2_N1,NA,NA
FHS3,NA,NA
MIY3,NA,NA
16_ANT_107_N1,NA,NA
HEC22,NA,NA
WKY3,NA,NA
16_LAU_9_N1,NA,NA
16_VAT_5_N1,NA,NA
FRC1,NA,NA
CLC4,NA,NA
BEL1,NA,NA
SKZ27,NA,NA
BOG10,NA,NA
16_FOS_10_N1,NA,NA
16_AMS_10_N1_B,NA,NA
SWC18,NA,NA
16_DHS_22_A2,NA,NA
16_OSO_3_N1,NA,NA
YJS3,NA,NA
16_OSO_2_N1,NA,NA
16_UGC_1_N1,NA,NA
AWP27,NA,NA
SWC17,NA,NA
SVH2,NA,NA
MIY1,NA,NA
OPB6,NA,NA
00_ATT_N1,NA,NA
16_PTR_8_N1,NA,NA
BCB30,NA,NA
TRR3,NA,NA
SWB38,NA,NA
LOR25,NA,NA
16_UNA_2_N1,NA,NA
WKY2,NA,NA
BSR132,NA,NA
16_PTR_6_N1,NA,NA
16_ANT_102_N1,NA,NA
STB7,NA,NA
16_PEW_2_E,NA,NA
16_VPT_3_N1,NA,NA
LOR17,NA,NA
16_SZA_90_N1,NA,NA
16_PTR_5_A3,NA,NA
BSR21,NA,NA
16_LAU_7_N1,NA,NA
FHS1,NA,NA
OZF9,NA,NA
MCB3,NA,NA
OPB3,NA,NA
16_ALP_110_N1,NA,NA
TSG24,NA,NA
16_KCG_37_N1,NA,NA
CLC2,NA,NA
03_V153408_N3,NA,NA
16_MFM_107_N1,NA,NA
FRC3,NA,NA
SVH4,NA,NA
CVG19,NA,NA
00_ATT_N2,NA,NA
NKL15,NA,NA
SGR5,NA,NA
16_VAL_15_N1,NA,NA
13_VFC_4_N2,NA,NA
SKZ6,NA,NA
ORO24,NA,NA
13_VFC_4_N1,NA,NA
HEC23,NA,NA
16_KCG_10_N1,NA,NA
16_CTA_26_N1,NA,NA
FGP1,NA,NA
PCL3,NA,NA
16_SDP_6_N1,NA,NA
16_FPA_44_N1,NA,NA
MUG1,NA,NA
16_PTL_7_E,NA,NA
16_UNA_1_N1,NA,NA
02_V142998_3_N1,NA,NA
16_UNA_3_N1,NA,NA
16_VPT_4_N1,NA,NA
WTB18,NA,NA
BEL4,NA,NA
16_ICY_901_N1,NA,NA
ALI5,NA,NA
ORO51,NA,NA
16_VCC_N1,NA,NA
BOG5,NA,NA
16_ALP_117_N1,NA,NA
16_UNA_1_A5,NA,NA
ASK6,NA,NA
CAT11,NA,NA
16_PTL_7_D,NA,NA
BEP1,NA,NA
16_KFC_19_N1,NA,NA
16_ZEN_1_N1,NA,NA
16_VCC_4_N1,NA,NA
SHC2,NA,NA
LCC3,NA,NA
YJS4,NA,NA
16_ICY_903_N1,NA,NA
02_V142998_7_N2,NA,NA
16_PTR_5_N2,NA,NA
HAM19,NA,NA
00_ATT_N3,NA,NA
16_DHS_22_N1_B,NA,NA
16_SLS_47_N1,NA,NA
16_KFC_5_N1,NA,NA
16_DHS_23_N1,NA,NA
HOC25,NA,NA
16_PTL_302_N1,NA,NA
SCS1,NA,NA
16_LAU_3_N1,NA,NA
TRR2,NA,NA
IM6,NA,NA
BOG7,NA,NA
16_AMS_38_N1,NA,NA
SGR4,NA,NA
16_PTL_302_N2,NA,NA
16_EBR_61_N1,NA,NA
16_DCR_10_N1,NA,NA
RFA3,NA,NA
NFE2,NA,NA
CAC2,NA,NA
16_UGC_2_N1,NA,NA
16_FOS_4_N1,NA,NA
OSW13,NA,NA
16_EBR_63_N1,NA,NA
BSR26,NA,NA
16_ZEN_4_N1,NA,NA
CRZ1,NA,NA
TSG21,NA,NA
MED3,NA,NA
02_V142998_7_N1,NA,NA
EAF2,NA,NA
CRZ4,NA,NA
CDR4,NA,NA
NFE3,NA,NA
16_VCC_4_N2,NA,NA
ORO31,NA,NA
16_SZA_88_N1,NA,NA
ORO55,NA,NA
16_PTR_5_N1,NA,NA
16_PEW_2_D,NA,NA
MCB2,NA,NA
TBR1,NA,NA
WMO3,NA,NA
16_FPA_26_N1,NA,NA
ALI8,NA,NA
ASK5,NA,NA
LMC12,NA,NA
HAM6,NA,NA
03_V153408_N1,NA,NA
HOC17,NA,NA
16_PTL_7_F,NA,NA
LCC2,NA,NA
16_VPT_5_N1,NA,NA
SVH5,NA,NA
GEI11,NA,NA
16_SLS_46_N1,NA,NA
16_EBR_59_N1,NA,NA
16_VAT_6_N1,NA,NA
CDR5,NA,NA
16_SLS_48_N1,NA,NA
16_VAT_3_N1,NA,NA
16_FOS_2_N1,NA,NA
16_AKC_14_N1,NA,NA
16_KFC_30_N1,NA,NA
IHR20,NA,NA
16_SDP_24_N1,NA,NA
LMC17,NA,NA
SWB36,NA,NA
KLM25,NA,NA
16_VAL_14_N1,NA,NA
BCB28,NA,NA
